1	67395837	.	C	A	222.262	.
1	179551371	.	G	A	184.361	.
10	98459557	.	G	A	225.417	.
11	16111867	.	A	G	104.228	.
12	884764	.	C	T	222.024	.
13	33129519	.	T	C	225.417	.
14	67575857	.	A	G	225.417	.
15	34236747	.	G	A	225.417	.
17	14102122	.	G	A	216.895	.
17	14102147	.	TTTG	T	17.3983	.
17	59886176	.	A	G	225.417	.
17	59886219	.	GGGC	G	18.7088	.
17	73200670	.	A	G	225.417	.
17	73201609	.	G	A	225.417	.
18	23833905	.	T	C	225.417	.
18	63987229	.	A	G	225.417	.
2	227032260	.	C	T	119.405	.
20	6119441	.	A	G	190.352	.
20	6119481	.	TGC	T	9.51099	.
20	54169680	.	G	A	220.803	.
21	42903480	.	T	G	107.648	.
22	38782696	.	A	G	152.405	.
3	4362083	.	A	G	215.229	.
3	4362118	.	GGAC	G	6.76067	.
4	5748177	.	T	C	225.417	.
4	5748201	.	GTTT	GT	23.1835	.
4	5748202	.	TTTA	T	12.0832	.
5	83538811	.	T	C	204.352	.
8	93923709	.	T	C	167.316	.
8	120216440	.	A	C	222.406	.
8	123975238	.	T	C	222.263	.
9	97428498	.	A	G	222.229	.
9	101371346	.	C	T	225.417	.
X	110451457	.	T	A	222.398	.
X	112454805	.	G	A	7.66682	.
X	112454808	.	T	C	59.8929	.
X	136349199	.	C	T	203.352	.
